heldout_subject,n_train,n_test,train_classes,test_classes,regression_mode,reg_n,reg_r,reg_p,reg_spearman,reg_spearman_p,reg_slope,reg_intercept,lda_acc,lda_bal_acc,lda_f1_macro,confusion_labels,confusion_matrix,classification_report
S01,2381,75,"[""L0"", ""L2"", ""L3""]","[""L0"", ""L2"", ""L3""]",linear,2381,0.09516290088778727,3.293027897559792e-06,0.09472253596852938,3.6563249062456433e-06,2.2911420807207157,53.26713865531468,0.6666666666666666,0.6666666666666666,0.5555555555555555,"[""L0"", ""L2"", ""L3""]","[[25, 0, 0], [0, 0, 25], [0, 0, 25]]","{""L0"": {""precision"": 1.0, ""recall"": 1.0, ""f1-score"": 1.0, ""support"": 25.0}, ""L2"": {""precision"": 0.0, ""recall"": 0.0, ""f1-score"": 0.0, ""support"": 25.0}, ""L3"": {""precision"": 0.5, ""recall"": 1.0, ""f1-score"": 0.6666666666666666, ""support"": 25.0}, ""accuracy"": 0.6666666666666666, ""macro avg"": {""precision"": 0.5, ""recall"": 0.6666666666666666, ""f1-score"": 0.5555555555555555, ""support"": 75.0}, ""weighted avg"": {""precision"": 0.5, ""recall"": 0.6666666666666666, ""f1-score"": 0.5555555555555555, ""support"": 75.0}}"
S02,2382,74,"[""L0"", ""L2"", ""L3""]","[""L0"", ""L2"", ""L3""]",linear,2382,0.09853511721841754,1.4479825919117632e-06,0.09377750135859768,4.548922639633936e-06,2.302331039479589,53.457690276866884,0.33783783783783783,0.3333333333333333,0.16835016835016836,"[""L0"", ""L2"", ""L3""]","[[25, 0, 0], [25, 0, 0], [24, 0, 0]]","{""L0"": {""precision"": 0.33783783783783783, ""recall"": 1.0, ""f1-score"": 0.5050505050505051, ""support"": 25.0}, ""L2"": {""precision"": 0.0, ""recall"": 0.0, ""f1-score"": 0.0, ""support"": 25.0}, ""L3"": {""precision"": 0.0, ""recall"": 0.0, ""f1-score"": 0.0, ""support"": 24.0}, ""accuracy"": 0.33783783783783783, ""macro avg"": {""precision"": 0.11261261261261261, ""recall"": 0.3333333333333333, ""f1-score"": 0.16835016835016836, ""support"": 74.0}, ""weighted avg"": {""precision"": 0.1141344046749452, ""recall"": 0.33783783783783783, ""f1-score"": 0.17062517062517063, ""support"": 74.0}}"
S03,2382,74,"[""L0"", ""L2"", ""L3""]","[""L0"", ""L2"", ""L3""]",linear,2382,0.10266144494909189,5.137406245160483e-07,0.10263873567944477,5.167359268322036e-07,2.4225176409578384,52.99396904280028,0.33783783783783783,0.3333333333333333,0.16835016835016836,"[""L0"", ""L2"", ""L3""]","[[25, 0, 0], [24, 0, 0], [25, 0, 0]]","{""L0"": {""precision"": 0.33783783783783783, ""recall"": 1.0, ""f1-score"": 0.5050505050505051, ""support"": 25.0}, ""L2"": {""precision"": 0.0, ""recall"": 0.0, ""f1-score"": 0.0, ""support"": 24.0}, ""L3"": {""precision"": 0.0, ""recall"": 0.0, ""f1-score"": 0.0, ""support"": 25.0}, ""accuracy"": 0.33783783783783783, ""macro avg"": {""precision"": 0.11261261261261261, ""recall"": 0.3333333333333333, ""f1-score"": 0.16835016835016836, ""support"": 74.0}, ""weighted avg"": {""precision"": 0.1141344046749452, ""recall"": 0.33783783783783783, ""f1-score"": 0.17062517062517063, ""support"": 74.0}}"
S04,2382,74,"[""L0"", ""L2"", ""L3""]","[""L0"", ""L2"", ""L3""]",linear,2382,0.11304218909001437,3.166884047075585e-08,0.10533896333765667,2.5664139556029327e-07,2.6695569451611267,52.129519711384354,0.5945945945945946,0.5905555555555556,0.5660962195794729,"[""L0"", ""L2"", ""L3""]","[[25, 0, 0], [7, 7, 10], [1, 12, 12]]","{""L0"": {""precision"": 0.7575757575757576, ""recall"": 1.0, ""f1-score"": 0.8620689655172413, ""support"": 25.0}, ""L2"": {""precision"": 0.3684210526315789, ""recall"": 0.2916666666666667, ""f1-score"": 0.32558139534883723, ""support"": 24.0}, ""L3"": {""precision"": 0.5454545454545454, ""recall"": 0.48, ""f1-score"": 0.5106382978723404, ""support"": 25.0}, ""accuracy"": 0.5945945945945946, ""macro avg"": {""precision"": 0.557150451887294, ""recall"": 0.5905555555555556, ""f1-score"": 0.5660962195794729, ""support"": 74.0}, ""weighted avg"": {""precision"": 0.5597008491745333, ""recall"": 0.5945945945945946, ""f1-score"": 0.569346419906914, ""support"": 74.0}}"
S05,2382,74,"[""L0"", ""L2"", ""L3""]","[""L0"", ""L2"", ""L3""]",linear,2382,0.1087550238069964,1.0327128245344975e-07,0.11005614195683236,7.247836436970184e-08,2.5923718515717256,52.61381904578369,0.6351351351351351,0.6266666666666666,0.5386225266362253,"[""L0"", ""L2"", ""L3""]","[[23, 2, 0], [0, 0, 24], [0, 1, 24]]","{""L0"": {""precision"": 1.0, ""recall"": 0.92, ""f1-score"": 0.9583333333333334, ""support"": 25.0}, ""L2"": {""precision"": 0.0, ""recall"": 0.0, ""f1-score"": 0.0, ""support"": 24.0}, ""L3"": {""precision"": 0.5, ""recall"": 0.96, ""f1-score"": 0.6575342465753424, ""support"": 25.0}, ""accuracy"": 0.6351351351351351, ""macro avg"": {""precision"": 0.5, ""recall"": 0.6266666666666666, ""f1-score"": 0.5386225266362253, ""support"": 74.0}, ""weighted avg"": {""precision"": 0.5067567567567568, ""recall"": 0.6351351351351351, ""f1-score"": 0.5459012094286066, ""support"": 74.0}}"
S06,2382,74,"[""L0"", ""L2"", ""L3""]","[""L0"", ""L2"", ""L3""]",linear,2382,0.1020048090297985,6.074796500414431e-07,0.09816328915304925,1.5865508370767135e-06,2.38577421188056,53.144178382771635,0.4189189189189189,0.4166666666666667,0.3049129764265257,"[""L0"", ""L2"", ""L3""]","[[25, 0, 0], [18, 6, 0], [21, 4, 0]]","{""L0"": {""precision"": 0.390625, ""recall"": 1.0, ""f1-score"": 0.5617977528089888, ""support"": 25.0}, ""L2"": {""precision"": 0.6, ""recall"": 0.25, ""f1-score"": 0.35294117647058826, ""support"": 24.0}, ""L3"": {""precision"": 0.0, ""recall"": 0.0, ""f1-score"": 0.0, ""support"": 25.0}, ""accuracy"": 0.4189189189189189, ""macro avg"": {""precision"": 0.3302083333333333, ""recall"": 0.4166666666666667, ""f1-score"": 0.3049129764265257, ""support"": 74.0}, ""weighted avg"": {""precision"": 0.3265625, ""recall"": 0.4189189189189189, ""f1-score"": 0.30426394669620055, ""support"": 74.0}}"
S07,2346,110,"[""L0"", ""L2"", ""L3""]","[""L0"", ""L2"", ""L3""]",linear,2346,0.12284705892682513,2.3781592092835863e-09,0.1168816474374808,1.3653672916715261e-08,2.985995732385452,52.457057043650714,0.2909090909090909,0.2882882882882883,0.227688651218063,"[""L0"", ""L2"", ""L3""]","[[11, 0, 26], [21, 0, 15], [16, 0, 21]]","{""L0"": {""precision"": 0.22916666666666666, ""recall"": 0.2972972972972973, ""f1-score"": 0.25882352941176473, ""support"": 37.0}, ""L2"": {""precision"": 0.0, ""recall"": 0.0, ""f1-score"": 0.0, ""support"": 36.0}, ""L3"": {""precision"": 0.3387096774193548, ""recall"": 0.5675675675675675, ""f1-score"": 0.42424242424242425, ""support"": 37.0}, ""accuracy"": 0.2909090909090909, ""macro avg"": {""precision"": 0.1892921146953405, ""recall"": 0.2882882882882883, ""f1-score"": 0.227688651218063, ""support"": 110.0}, ""weighted avg"": {""precision"": 0.19101295210166175, ""recall"": 0.2909090909090909, ""f1-score"": 0.2297585480473181, ""support"": 110.0}}"
S08,2345,111,"[""L0"", ""L2"", ""L3""]","[""L0"", ""L2"", ""L3""]",linear,2345,0.17022272127350163,1.0471574516765613e-16,0.17175680713311856,5.5114470050594235e-17,4.027362263758524,53.03486769803788,0.34234234234234234,0.3423423423423424,0.1991869918699187,"[""L0"", ""L2"", ""L3""]","[[2, 0, 35], [1, 0, 36], [1, 0, 36]]","{""L0"": {""precision"": 0.5, ""recall"": 0.05405405405405406, ""f1-score"": 0.0975609756097561, ""support"": 37.0}, ""L2"": {""precision"": 0.0, ""recall"": 0.0, ""f1-score"": 0.0, ""support"": 37.0}, ""L3"": {""precision"": 0.3364485981308411, ""recall"": 0.972972972972973, ""f1-score"": 0.5, ""support"": 37.0}, ""accuracy"": 0.34234234234234234, ""macro avg"": {""precision"": 0.27881619937694707, ""recall"": 0.3423423423423424, ""f1-score"": 0.1991869918699187, ""support"": 111.0}, ""weighted avg"": {""precision"": 0.278816199376947, ""recall"": 0.34234234234234234, ""f1-score"": 0.1991869918699187, ""support"": 111.0}}"
S09,2381,75,"[""L0"", ""L2"", ""L3""]","[""L0"", ""L2"", ""L3""]",linear,2381,0.1033174892488395,4.365082063864098e-07,0.09675965400141058,2.2445618464396312e-06,2.464898362570797,53.088174121493005,0.3333333333333333,0.3333333333333333,0.16666666666666666,"[""L0"", ""L2"", ""L3""]","[[25, 0, 0], [25, 0, 0], [25, 0, 0]]","{""L0"": {""precision"": 0.3333333333333333, ""recall"": 1.0, ""f1-score"": 0.5, ""support"": 25.0}, ""L2"": {""precision"": 0.0, ""recall"": 0.0, ""f1-score"": 0.0, ""support"": 25.0}, ""L3"": {""precision"": 0.0, ""recall"": 0.0, ""f1-score"": 0.0, ""support"": 25.0}, ""accuracy"": 0.3333333333333333, ""macro avg"": {""precision"": 0.1111111111111111, ""recall"": 0.3333333333333333, ""f1-score"": 0.16666666666666666, ""support"": 75.0}, ""weighted avg"": {""precision"": 0.11111111111111109, ""recall"": 0.3333333333333333, ""f1-score"": 0.16666666666666666, ""support"": 75.0}}"
S10,2345,111,"[""L0"", ""L2"", ""L3""]","[""L0"", ""L2"", ""L3""]",linear,2345,0.10791317355669586,1.6212079858034013e-07,0.1014031797222617,8.630633788153673e-07,2.6344973786244212,52.59068632787321,0.3333333333333333,0.3333333333333333,0.16666666666666666,"[""L0"", ""L2"", ""L3""]","[[37, 0, 0], [37, 0, 0], [37, 0, 0]]","{""L0"": {""precision"": 0.3333333333333333, ""recall"": 1.0, ""f1-score"": 0.5, ""support"": 37.0}, ""L2"": {""precision"": 0.0, ""recall"": 0.0, ""f1-score"": 0.0, ""support"": 37.0}, ""L3"": {""precision"": 0.0, ""recall"": 0.0, ""f1-score"": 0.0, ""support"": 37.0}, ""accuracy"": 0.3333333333333333, ""macro avg"": {""precision"": 0.1111111111111111, ""recall"": 0.3333333333333333, ""f1-score"": 0.16666666666666666, ""support"": 111.0}, ""weighted avg"": {""precision"": 0.1111111111111111, ""recall"": 0.3333333333333333, ""f1-score"": 0.16666666666666666, ""support"": 111.0}}"
S11,2381,75,"[""L0"", ""L2"", ""L3""]","[""L0"", ""L2"", ""L3""]",linear,2381,0.1006281545100087,8.649356891353623e-07,0.09033307771799771,1.0121567902033102e-05,2.422886805634168,52.96850724929452,0.6266666666666667,0.6266666666666666,0.5155555555555555,"[""L0"", ""L2"", ""L3""]","[[25, 0, 0], [22, 0, 3], [3, 0, 22]]","{""L0"": {""precision"": 0.5, ""recall"": 1.0, ""f1-score"": 0.6666666666666666, ""support"": 25.0}, ""L2"": {""precision"": 0.0, ""recall"": 0.0, ""f1-score"": 0.0, ""support"": 25.0}, ""L3"": {""precision"": 0.88, ""recall"": 0.88, ""f1-score"": 0.88, ""support"": 25.0}, ""accuracy"": 0.6266666666666667, ""macro avg"": {""precision"": 0.45999999999999996, ""recall"": 0.6266666666666666, ""f1-score"": 0.5155555555555555, ""support"": 75.0}, ""weighted avg"": {""precision"": 0.46, ""recall"": 0.6266666666666667, ""f1-score"": 0.5155555555555555, ""support"": 75.0}}"
S12,2381,75,"[""L0"", ""L2"", ""L3""]","[""L0"", ""L2"", ""L3""]",linear,2381,0.13986140779651302,7.144300927431505e-12,0.15039828926946172,1.620169385985307e-13,3.2985513931315578,51.34171565377865,0.3333333333333333,0.3333333333333333,0.16666666666666666,"[""L0"", ""L2"", ""L3""]","[[25, 0, 0], [25, 0, 0], [25, 0, 0]]","{""L0"": {""precision"": 0.3333333333333333, ""recall"": 1.0, ""f1-score"": 0.5, ""support"": 25.0}, ""L2"": {""precision"": 0.0, ""recall"": 0.0, ""f1-score"": 0.0, ""support"": 25.0}, ""L3"": {""precision"": 0.0, ""recall"": 0.0, ""f1-score"": 0.0, ""support"": 25.0}, ""accuracy"": 0.3333333333333333, ""macro avg"": {""precision"": 0.1111111111111111, ""recall"": 0.3333333333333333, ""f1-score"": 0.16666666666666666, ""support"": 75.0}, ""weighted avg"": {""precision"": 0.11111111111111109, ""recall"": 0.3333333333333333, ""f1-score"": 0.16666666666666666, ""support"": 75.0}}"
S13,2381,75,"[""L0"", ""L2"", ""L3""]","[""L0"", ""L2"", ""L3""]",linear,2381,0.11751505157702313,8.86487414198419e-09,0.11606646484573734,1.3489083632442284e-08,2.797970231208104,53.080347881142806,0.3333333333333333,0.3333333333333333,0.26728426831360436,"[""L0"", ""L2"", ""L3""]","[[12, 0, 13], [9, 0, 16], [12, 0, 13]]","{""L0"": {""precision"": 0.36363636363636365, ""recall"": 0.48, ""f1-score"": 0.41379310344827586, ""support"": 25.0}, ""L2"": {""precision"": 0.0, ""recall"": 0.0, ""f1-score"": 0.0, ""support"": 25.0}, ""L3"": {""precision"": 0.30952380952380953, ""recall"": 0.52, ""f1-score"": 0.3880597014925373, ""support"": 25.0}, ""accuracy"": 0.3333333333333333, ""macro avg"": {""precision"": 0.22438672438672438, ""recall"": 0.3333333333333333, ""f1-score"": 0.26728426831360436, ""support"": 75.0}, ""weighted avg"": {""precision"": 0.2243867243867244, ""recall"": 0.3333333333333333, ""f1-score"": 0.2672842683136044, ""support"": 75.0}}"
S14,2382,74,"[""L0"", ""L2"", ""L3""]","[""L0"", ""L2"", ""L3""]",linear,2382,0.11584330311402996,1.4284083856856174e-08,0.1085599270735921,1.0886416380020768e-07,2.7434624694996312,52.095463803763394,0.32432432432432434,0.32055555555555554,0.22739541160593793,"[""L0"", ""L2"", ""L3""]","[[23, 2, 0], [24, 0, 1], [4, 19, 1]]","{""L0"": {""precision"": 0.45098039215686275, ""recall"": 0.92, ""f1-score"": 0.6052631578947368, ""support"": 25.0}, ""L2"": {""precision"": 0.0, ""recall"": 0.0, ""f1-score"": 0.0, ""support"": 25.0}, ""L3"": {""precision"": 0.5, ""recall"": 0.041666666666666664, ""f1-score"": 0.07692307692307693, ""support"": 24.0}, ""accuracy"": 0.32432432432432434, ""macro avg"": {""precision"": 0.31699346405228757, ""recall"": 0.32055555555555554, ""f1-score"": 0.22739541160593793, ""support"": 74.0}, ""weighted avg"": {""precision"": 0.31452040275569687, ""recall"": 0.32432432432432434, ""f1-score"": 0.2294288215340847, ""support"": 74.0}}"
S15,2381,75,"[""L0"", ""L2"", ""L3""]","[""L0"", ""L2"", ""L3""]",linear,2381,0.09207977993280891,6.786340629528758e-06,0.09079122107648102,9.120351175489991e-06,2.215621783262451,52.471605123000394,0.48,0.48,0.39339339339339335,"[""L0"", ""L2"", ""L3""]","[[17, 0, 8], [3, 0, 22], [6, 0, 19]]","{""L0"": {""precision"": 0.6538461538461539, ""recall"": 0.68, ""f1-score"": 0.6666666666666666, ""support"": 25.0}, ""L2"": {""precision"": 0.0, ""recall"": 0.0, ""f1-score"": 0.0, ""support"": 25.0}, ""L3"": {""precision"": 0.3877551020408163, ""recall"": 0.76, ""f1-score"": 0.5135135135135135, ""support"": 25.0}, ""accuracy"": 0.48, ""macro avg"": {""precision"": 0.3472004186289901, ""recall"": 0.48, ""f1-score"": 0.39339339339339335, ""support"": 75.0}, ""weighted avg"": {""precision"": 0.34720041862899004, ""recall"": 0.48, ""f1-score"": 0.39339339339339335, ""support"": 75.0}}"
S16,2383,73,"[""L0"", ""L2"", ""L3""]","[""L0"", ""L2"", ""L3""]",linear,2383,0.10439734585480191,3.2636880630390376e-07,0.1004152541027137,9.028286180894646e-07,2.4364087622665203,52.956710591902535,0.5753424657534246,0.5750724637681159,0.5310380803338549,"[""L0"", ""L2"", ""L3""]","[[25, 0, 0], [18, 4, 3], [3, 7, 13]]","{""L0"": {""precision"": 0.5434782608695652, ""recall"": 1.0, ""f1-score"": 0.704225352112676, ""support"": 25.0}, ""L2"": {""precision"": 0.36363636363636365, ""recall"": 0.16, ""f1-score"": 0.2222222222222222, ""support"": 25.0}, ""L3"": {""precision"": 0.8125, ""recall"": 0.5652173913043478, ""f1-score"": 0.6666666666666666, ""support"": 23.0}, ""accuracy"": 0.5753424657534246, ""macro avg"": {""precision"": 0.5732048748353096, ""recall"": 0.5750724637681159, ""f1-score"": 0.5310380803338549, ""support"": 73.0}, ""weighted avg"": {""precision"": 0.5666488440088797, ""recall"": 0.5753424657534246, ""f1-score"": 0.5273222286535039, ""support"": 73.0}}"
S17,2382,74,"[""L0"", ""L2"", ""L3""]","[""L0"", ""L2"", ""L3""]",linear,2382,0.1341185944039517,4.963293949015027e-11,0.13192466020124483,1.0226190547031803e-10,3.184065388944676,52.785432891915036,0.28378378378378377,0.27999999999999997,0.15384615384615385,"[""L0"", ""L2"", ""L3""]","[[0, 0, 25], [4, 0, 20], [1, 3, 21]]","{""L0"": {""precision"": 0.0, ""recall"": 0.0, ""f1-score"": 0.0, ""support"": 25.0}, ""L2"": {""precision"": 0.0, ""recall"": 0.0, ""f1-score"": 0.0, ""support"": 24.0}, ""L3"": {""precision"": 0.3181818181818182, ""recall"": 0.84, ""f1-score"": 0.46153846153846156, ""support"": 25.0}, ""accuracy"": 0.28378378378378377, ""macro avg"": {""precision"": 0.10606060606060606, ""recall"": 0.27999999999999997, ""f1-score"": 0.15384615384615385, ""support"": 74.0}, ""weighted avg"": {""precision"": 0.1074938574938575, ""recall"": 0.28378378378378377, ""f1-score"": 0.15592515592515593, ""support"": 74.0}}"
S18,2381,75,"[""L0"", ""L2"", ""L3""]","[""L0"", ""L2"", ""L3""]",linear,2381,0.1046793186644314,3.0672694825246933e-07,0.10150879141588577,6.927141801420307e-07,2.480377424682602,52.60034446604019,0.41333333333333333,0.41333333333333333,0.34394578698376166,"[""L0"", ""L2"", ""L3""]","[[7, 13, 5], [0, 0, 25], [1, 0, 24]]","{""L0"": {""precision"": 0.875, ""recall"": 0.28, ""f1-score"": 0.42424242424242425, ""support"": 25.0}, ""L2"": {""precision"": 0.0, ""recall"": 0.0, ""f1-score"": 0.0, ""support"": 25.0}, ""L3"": {""precision"": 0.4444444444444444, ""recall"": 0.96, ""f1-score"": 0.6075949367088608, ""support"": 25.0}, ""accuracy"": 0.41333333333333333, ""macro avg"": {""precision"": 0.4398148148148148, ""recall"": 0.41333333333333333, ""f1-score"": 0.34394578698376166, ""support"": 75.0}, ""weighted avg"": {""precision"": 0.4398148148148149, ""recall"": 0.41333333333333333, ""f1-score"": 0.34394578698376166, ""support"": 75.0}}"
S19,2345,111,"[""L0"", ""L2"", ""L3""]","[""L0"", ""L2"", ""L3""]",linear,2345,0.055574858962386155,0.007105280365153741,0.0636856451885254,0.002032251377599172,1.3677900924550925,52.918802116136426,0.46846846846846846,0.4684684684684685,0.37288442392976745,"[""L0"", ""L2"", ""L3""]","[[16, 0, 21], [4, 0, 33], [1, 0, 36]]","{""L0"": {""precision"": 0.7619047619047619, ""recall"": 0.43243243243243246, ""f1-score"": 0.5517241379310345, ""support"": 37.0}, ""L2"": {""precision"": 0.0, ""recall"": 0.0, ""f1-score"": 0.0, ""support"": 37.0}, ""L3"": {""precision"": 0.4, ""recall"": 0.972972972972973, ""f1-score"": 0.5669291338582677, ""support"": 37.0}, ""accuracy"": 0.46846846846846846, ""macro avg"": {""precision"": 0.38730158730158726, ""recall"": 0.4684684684684685, ""f1-score"": 0.37288442392976745, ""support"": 111.0}, ""weighted avg"": {""precision"": 0.38730158730158726, ""recall"": 0.46846846846846846, ""f1-score"": 0.3728844239297674, ""support"": 111.0}}"
S20,2381,75,"[""L0"", ""L2"", ""L3""]","[""L0"", ""L2"", ""L3""]",linear,2381,0.10548935348325264,2.48137280305421e-07,0.10763091944755897,1.4061385757263798e-07,2.4900250286108268,53.34547133055098,0.52,0.52,0.4648617511520737,"[""L0"", ""L2"", ""L3""]","[[15, 5, 5], [19, 2, 4], [3, 0, 22]]","{""L0"": {""precision"": 0.40540540540540543, ""recall"": 0.6, ""f1-score"": 0.4838709677419355, ""support"": 25.0}, ""L2"": {""precision"": 0.2857142857142857, ""recall"": 0.08, ""f1-score"": 0.125, ""support"": 25.0}, ""L3"": {""precision"": 0.7096774193548387, ""recall"": 0.88, ""f1-score"": 0.7857142857142857, ""support"": 25.0}, ""accuracy"": 0.52, ""macro avg"": {""precision"": 0.4669323701581766, ""recall"": 0.52, ""f1-score"": 0.4648617511520737, ""support"": 75.0}, ""weighted avg"": {""precision"": 0.46693237015817657, ""recall"": 0.52, ""f1-score"": 0.46486175115207373, ""support"": 75.0}}"
S21,2381,75,"[""L0"", ""L2"", ""L3""]","[""L0"", ""L2"", ""L3""]",linear,2381,0.10830129587054124,1.1744546986494743e-07,0.10353976438532438,4.1220359504096084e-07,2.533509246567142,52.75067101070342,0.4666666666666667,0.4666666666666666,0.3926482873851294,"[""L0"", ""L2"", ""L3""]","[[25, 0, 0], [18, 7, 0], [16, 6, 3]]","{""L0"": {""precision"": 0.423728813559322, ""recall"": 1.0, ""f1-score"": 0.5952380952380952, ""support"": 25.0}, ""L2"": {""precision"": 0.5384615384615384, ""recall"": 0.28, ""f1-score"": 0.3684210526315789, ""support"": 25.0}, ""L3"": {""precision"": 1.0, ""recall"": 0.12, ""f1-score"": 0.21428571428571427, ""support"": 25.0}, ""accuracy"": 0.4666666666666667, ""macro avg"": {""precision"": 0.6540634506736202, ""recall"": 0.4666666666666666, ""f1-score"": 0.3926482873851294, ""support"": 75.0}, ""weighted avg"": {""precision"": 0.6540634506736202, ""recall"": 0.4666666666666667, ""f1-score"": 0.39264828738512947, ""support"": 75.0}}"
S22,2381,75,"[""L0"", ""L2"", ""L3""]","[""L0"", ""L2"", ""L3""]",linear,2381,0.10314211541598323,4.5665378084755975e-07,0.09572778092983947,2.8774276313236353e-06,2.4499225166476766,52.985932553233,0.3333333333333333,0.3333333333333333,0.16666666666666666,"[""L0"", ""L2"", ""L3""]","[[25, 0, 0], [25, 0, 0], [25, 0, 0]]","{""L0"": {""precision"": 0.3333333333333333, ""recall"": 1.0, ""f1-score"": 0.5, ""support"": 25.0}, ""L2"": {""precision"": 0.0, ""recall"": 0.0, ""f1-score"": 0.0, ""support"": 25.0}, ""L3"": {""precision"": 0.0, ""recall"": 0.0, ""f1-score"": 0.0, ""support"": 25.0}, ""accuracy"": 0.3333333333333333, ""macro avg"": {""precision"": 0.1111111111111111, ""recall"": 0.3333333333333333, ""f1-score"": 0.16666666666666666, ""support"": 75.0}, ""weighted avg"": {""precision"": 0.11111111111111109, ""recall"": 0.3333333333333333, ""f1-score"": 0.16666666666666666, ""support"": 75.0}}"
S23,2381,75,"[""L0"", ""L2"", ""L3""]","[""L0"", ""L2"", ""L3""]",linear,2381,0.11352778647841796,2.7808640623937663e-08,0.10995672053396498,7.494589751485068e-08,2.713162152842777,52.44935092793765,0.36,0.36000000000000004,0.22430295464003333,"[""L0"", ""L2"", ""L3""]","[[25, 0, 0], [23, 2, 0], [16, 9, 0]]","{""L0"": {""precision"": 0.390625, ""recall"": 1.0, ""f1-score"": 0.5617977528089888, ""support"": 25.0}, ""L2"": {""precision"": 0.18181818181818182, ""recall"": 0.08, ""f1-score"": 0.1111111111111111, ""support"": 25.0}, ""L3"": {""precision"": 0.0, ""recall"": 0.0, ""f1-score"": 0.0, ""support"": 25.0}, ""accuracy"": 0.36, ""macro avg"": {""precision"": 0.19081439393939395, ""recall"": 0.36000000000000004, ""f1-score"": 0.22430295464003333, ""support"": 75.0}, ""weighted avg"": {""precision"": 0.19081439393939395, ""recall"": 0.36, ""f1-score"": 0.2243029546400333, ""support"": 75.0}}"
S24,2381,75,"[""L0"", ""L2"", ""L3""]","[""L0"", ""L2"", ""L3""]",linear,2381,0.1126967095061049,3.5121438556914575e-08,0.11113555842101518,5.421067703334266e-08,2.6185678651969115,52.70499852367955,0.3333333333333333,0.3333333333333333,0.16666666666666666,"[""L0"", ""L2"", ""L3""]","[[25, 0, 0], [25, 0, 0], [25, 0, 0]]","{""L0"": {""precision"": 0.3333333333333333, ""recall"": 1.0, ""f1-score"": 0.5, ""support"": 25.0}, ""L2"": {""precision"": 0.0, ""recall"": 0.0, ""f1-score"": 0.0, ""support"": 25.0}, ""L3"": {""precision"": 0.0, ""recall"": 0.0, ""f1-score"": 0.0, ""support"": 25.0}, ""accuracy"": 0.3333333333333333, ""macro avg"": {""precision"": 0.1111111111111111, ""recall"": 0.3333333333333333, ""f1-score"": 0.16666666666666666, ""support"": 75.0}, ""weighted avg"": {""precision"": 0.11111111111111109, ""recall"": 0.3333333333333333, ""f1-score"": 0.16666666666666666, ""support"": 75.0}}"
S25,2381,75,"[""L0"", ""L2"", ""L3""]","[""L0"", ""L2"", ""L3""]",linear,2381,0.10227519553004816,5.701405373119976e-07,0.09883993277482112,1.3500083395144214e-06,2.382890424235588,53.15170557296199,0.3333333333333333,0.3333333333333333,0.16666666666666666,"[""L0"", ""L2"", ""L3""]","[[25, 0, 0], [25, 0, 0], [25, 0, 0]]","{""L0"": {""precision"": 0.3333333333333333, ""recall"": 1.0, ""f1-score"": 0.5, ""support"": 25.0}, ""L2"": {""precision"": 0.0, ""recall"": 0.0, ""f1-score"": 0.0, ""support"": 25.0}, ""L3"": {""precision"": 0.0, ""recall"": 0.0, ""f1-score"": 0.0, ""support"": 25.0}, ""accuracy"": 0.3333333333333333, ""macro avg"": {""precision"": 0.1111111111111111, ""recall"": 0.3333333333333333, ""f1-score"": 0.16666666666666666, ""support"": 75.0}, ""weighted avg"": {""precision"": 0.11111111111111109, ""recall"": 0.3333333333333333, ""f1-score"": 0.16666666666666666, ""support"": 75.0}}"
S26,2381,75,"[""L0"", ""L2"", ""L3""]","[""L0"", ""L2"", ""L3""]",linear,2381,0.11820184175980347,7.252165276975258e-09,0.12108172919655888,3.085981641153296e-09,2.9519017302043444,52.681685382434836,0.4,0.39999999999999997,0.2804232804232804,"[""L0"", ""L2"", ""L3""]","[[5, 0, 20], [5, 0, 20], [0, 0, 25]]","{""L0"": {""precision"": 0.5, ""recall"": 0.2, ""f1-score"": 0.2857142857142857, ""support"": 25.0}, ""L2"": {""precision"": 0.0, ""recall"": 0.0, ""f1-score"": 0.0, ""support"": 25.0}, ""L3"": {""precision"": 0.38461538461538464, ""recall"": 1.0, ""f1-score"": 0.5555555555555556, ""support"": 25.0}, ""accuracy"": 0.4, ""macro avg"": {""precision"": 0.2948717948717949, ""recall"": 0.39999999999999997, ""f1-score"": 0.2804232804232804, ""support"": 75.0}, ""weighted avg"": {""precision"": 0.2948717948717949, ""recall"": 0.4, ""f1-score"": 0.2804232804232804, ""support"": 75.0}}"
S27,2381,75,"[""L0"", ""L2"", ""L3""]","[""L0"", ""L2"", ""L3""]",linear,2381,0.08447585309125309,3.671191162382346e-05,0.09900634718183746,1.2956318978094595e-06,2.224857229630215,52.77010209724634,0.30666666666666664,0.3066666666666667,0.21568627450980393,"[""L0"", ""L2"", ""L3""]","[[4, 0, 21], [5, 0, 20], [6, 0, 19]]","{""L0"": {""precision"": 0.26666666666666666, ""recall"": 0.16, ""f1-score"": 0.2, ""support"": 25.0}, ""L2"": {""precision"": 0.0, ""recall"": 0.0, ""f1-score"": 0.0, ""support"": 25.0}, ""L3"": {""precision"": 0.31666666666666665, ""recall"": 0.76, ""f1-score"": 0.4470588235294118, ""support"": 25.0}, ""accuracy"": 0.30666666666666664, ""macro avg"": {""precision"": 0.19444444444444442, ""recall"": 0.3066666666666667, ""f1-score"": 0.21568627450980393, ""support"": 75.0}, ""weighted avg"": {""precision"": 0.19444444444444442, ""recall"": 0.30666666666666664, ""f1-score"": 0.21568627450980396, ""support"": 75.0}}"
S28,2345,111,"[""L0"", ""L2"", ""L3""]","[""L0"", ""L2"", ""L3""]",linear,2345,0.122204632167506,2.904759096897089e-09,0.1285143714782275,4.2128146398881164e-10,2.8564970778592143,52.680950051756945,0.23423423423423423,0.23423423423423426,0.19354579108321265,"[""L0"", ""L2"", ""L3""]","[[13, 0, 24], [35, 0, 2], [24, 0, 13]]","{""L0"": {""precision"": 0.18055555555555555, ""recall"": 0.35135135135135137, ""f1-score"": 0.23853211009174313, ""support"": 37.0}, ""L2"": {""precision"": 0.0, ""recall"": 0.0, ""f1-score"": 0.0, ""support"": 37.0}, ""L3"": {""precision"": 0.3333333333333333, ""recall"": 0.35135135135135137, ""f1-score"": 0.34210526315789475, ""support"": 37.0}, ""accuracy"": 0.23423423423423423, ""macro avg"": {""precision"": 0.17129629629629628, ""recall"": 0.23423423423423426, ""f1-score"": 0.19354579108321265, ""support"": 111.0}, ""weighted avg"": {""precision"": 0.17129629629629628, ""recall"": 0.23423423423423423, ""f1-score"": 0.19354579108321263, ""support"": 111.0}}"
S29,2345,111,"[""L0"", ""L2"", ""L3""]","[""L0"", ""L2"", ""L3""]",linear,2345,0.13823856146839347,1.7806755919196887e-11,0.13559673858136106,4.3024263236390295e-11,3.215801748296347,51.022971778860075,0.3333333333333333,0.3333333333333333,0.1829268292682927,"[""L0"", ""L2"", ""L3""]","[[36, 1, 0], [36, 1, 0], [35, 2, 0]]","{""L0"": {""precision"": 0.3364485981308411, ""recall"": 0.972972972972973, ""f1-score"": 0.5, ""support"": 37.0}, ""L2"": {""precision"": 0.25, ""recall"": 0.02702702702702703, ""f1-score"": 0.04878048780487805, ""support"": 37.0}, ""L3"": {""precision"": 0.0, ""recall"": 0.0, ""f1-score"": 0.0, ""support"": 37.0}, ""accuracy"": 0.3333333333333333, ""macro avg"": {""precision"": 0.19548286604361373, ""recall"": 0.3333333333333333, ""f1-score"": 0.1829268292682927, ""support"": 111.0}, ""weighted avg"": {""precision"": 0.1954828660436137, ""recall"": 0.3333333333333333, ""f1-score"": 0.18292682926829268, ""support"": 111.0}}"
S30,2381,75,"[""L0"", ""L2"", ""L3""]","[""L0"", ""L2"", ""L3""]",linear,2381,0.11193848952012034,4.339570795582141e-08,0.12141347711505,2.79309940586935e-09,2.6323749159267864,53.108336755300314,0.4533333333333333,0.4533333333333333,0.35802469135802467,"[""L0"", ""L2"", ""L3""]","[[1, 15, 9], [1, 8, 16], [0, 0, 25]]","{""L0"": {""precision"": 0.5, ""recall"": 0.04, ""f1-score"": 0.07407407407407407, ""support"": 25.0}, ""L2"": {""precision"": 0.34782608695652173, ""recall"": 0.32, ""f1-score"": 0.3333333333333333, ""support"": 25.0}, ""L3"": {""precision"": 0.5, ""recall"": 1.0, ""f1-score"": 0.6666666666666666, ""support"": 25.0}, ""accuracy"": 0.4533333333333333, ""macro avg"": {""precision"": 0.4492753623188406, ""recall"": 0.4533333333333333, ""f1-score"": 0.35802469135802467, ""support"": 75.0}, ""weighted avg"": {""precision"": 0.44927536231884063, ""recall"": 0.4533333333333333, ""f1-score"": 0.3580246913580246, ""support"": 75.0}}"
